image,label
img0,Rbd1
img1,bxc3
img2,e4
img3,Nc6
img4,Rhh5
img5,Bxd4
img6,bxc6+
img7,Kxb3
img8,Kxg3
img9,Kfe3
img10,f4
img11,Qde8
img12,e7+
img13,Rcg5
img14,f6
img15,Rxb7
img16,Nxc6
img17,0000
img18,Qxe4
img19,e6
img20,0000+
img21,Kgg7
img22,Rxh3+
img23,Kd1
img24,0000
img25,O-O
img26,Nxe2+
img27,Kh7
img28,0000
img29,Kff6
img30,0000
img31,Bg6
img32,Qdd4
img33,Be4
img34,Ng3
img35,0000
img36,Rxf2
img37,Kh3
img38,c6
img39,Nf2
img40,h6
img41,0000+
img42,Qdg7+
img43,Rg4+
img44,Kxg8
img45,Kxc8
img46,0000
img47,Kd2
img48,Qhe6+
img49,0000
img50,bxb5
img51,0000
img52,Kba4
img53,0000
img54,0000
img55,Rbd1
img56,gxf3
img57,Ka7
img58,h5
img59,O-O-O
img60,Kdd4
img61,Rxg4
img62,0000
img63,0000
img64,Rxg3+
img65,Ke2
img66,0000
img67,Nxf5
img68,0000
img69,0000
img70,Rxh6
img71,0000
img72,0000
img73,Kd7
img74,0000
img75,0000
img76,0000
img77,Rxe5
img78,fxg2
img79,0000
img80,Bd1
img81,h5
img82,Ke3
img83,0000
img84,0000
img85,Be4
img86,0000
img87,0000
img88,b4
img89,0000+
img90,0000+
img91,0000
img92,0000
img93,Kg7
img94,f6
img95,0000+
img96,0000
img97,Qxb3
img98,0000
img99,h2
img100,Rdd2
img101,axa6
img102,Rfh1
img103,0000
img104,Kcb1
img105,0000
img106,Rcf8
img107,Rfe8
img108,Qcb5
img109,Kab7
img110,0000
img111,Rdb7
img112,0000
img113,Bg4
img114,Nd5
img115,Kgh1
img116,Bxa7
img117,g5
img118,0000
img119,0000
img120,0000
img121,Rda8
img122,Kxh1
img123,Kee1
img124,f4
img125,0000
img126,0000
img127,Nxe2
img128,Rgh8
img129,Bf2
img130,Qdc2
img131,Kb8
img132,Rxc8
img133,0000
img134,Kff2
img135,0000
img136,c1=Q
img137,Nxg4
img138,0000
img139,0000
img140,0000
img141,0000
img142,0000
img143,Be1
img144,0000
img145,Qaa1+
img146,Rxd1
img147,0000
img148,Kf7
img149,Kg7
img150,Ree6
img151,0000
img152,Ref1
img153,0000
img154,0000
img155,Qcc6
img156,Kxf3
img157,Nxh4
img158,0000+
img159,0000
img160,f5
img161,Qf6
img162,Bb5
img163,0000
img164,Nd5
img165,Bxc3
img166,0000
img167,Rxe1
img168,Ke6
img169,Bg5
img170,0000
img171,Kg3
img172,g5
img173,g3
img174,0000+
img175,0000
img176,0000
img177,Nf6
img178,0000
img179,0000
img180,Rhh5
img181,0000
img182,0000
img183,0000
img184,Rxe7
img185,0000
img186,Ne4
img187,0000
img188,0000
img189,Kxf3
img190,Kgg2
img191,0000
img192,Rde8+
img193,gxg5+
img194,0000
img195,Rfe8
img196,Kc6
img197,b6
img198,0000
img199,0000
img200,Rdb1
img201,0000
img202,0000
img203,0000
img204,Qf4
img205,Bd4
img206,0000
img207,Qxd6
img208,Kf8
img209,Qbg6
img210,0000
img211,f5
img212,0000+
img213,Qxe6
img214,Rhh1
img215,Rhf5
img216,Kde8
img217,Qed2
img218,Rgg7
img219,0000
img220,Kde5
img221,Rxd5
img222,Qf3
img223,0000
img224,d5
img225,0000
img226,Nc5
img227,0000
img228,0000
img229,Qf3
img230,g6+
img231,Rbb1+
img232,Kaa6
img233,Rxh6+
img234,dxd5
img235,cxb5
img236,Qdc8
img237,0000
img238,Kfg1
img239,0000
img240,Ree5
img241,Kxd8
img242,0000
img243,Nxe5
img244,Kee4
img245,Nd7
img246,Kdd7
img247,0000
img248,0000
img249,0000
img250,0000
img251,Bxa7
img252,Kxe7
img253,0000
img254,Rhf1
img255,Kf7
img256,Qf2
img257,0000
img258,0000
img259,0000
img260,f6
img261,0000
img262,Kgg7
img263,Kd7
img264,Kf5
img265,Kba1
img266,Rhh3+
img267,Nxc2
img268,Rch8
img269,0000
img270,Kb6
img271,0000
img272,0000
img273,Kb5
img274,0000
img275,a3
img276,Kd6
img277,Nc6
img278,Qde7
img279,Kb8
img280,Na3
img281,Bg4
img282,Ree6
img283,0000
img284,Rfb8
img285,Bf4
img286,Kbb8
img287,0000
img288,Kg6
img289,Qxd6
img290,0000
img291,0000
img292,Qxb6
img293,0000
img294,exd3
img295,Rac8
img296,Kf2
img297,0000+
img298,Bxb3+
img299,0000
img300,d5
img301,Nxc7
img302,Ng3
img303,Na3
img304,d5
img305,Rbd8
img306,0000
img307,Qc7
img308,0000
img309,f5
img310,e4
img311,0000
img312,Ng5+
img313,0000
img314,0000
img315,0000
img316,Kxh2
img317,Rxh2
img318,0000
img319,g4
img320,Qbf6
img321,0000
img322,0000
img323,Ng6
img324,Kxc2
img325,Qbb4
img326,0000
img327,Qe2
img328,0000
img329,0000
img330,b6
img331,0000
img332,Rfd8
img333,c5
img334,Ng4
img335,Kef7
img336,Kcd1
img337,g6
img338,Kxe6
img339,0000
img340,Qaf5
img341,h6
img342,Qxe7
img343,Kh7
img344,Ree2
img345,Bb4
img346,Kcb7
img347,Kb4
img348,Ke2
img349,Rab1
img350,Nxe3
img351,Kxh5
img352,Qd1
img353,Rxd8
img354,Bg4
img355,Qg3
img356,Ree2
img357,Kde3
img358,Nb1
img359,0000
img360,0000
img361,e5
img362,Rxc7
img363,Rfe8
img364,Kee7
img365,0000
img366,fxf5
img367,0000
img368,Red1
img369,Raa5
img370,Rxd8
img371,0000
img372,Rea3
img373,Kc8
img374,Kfg6
img375,fxg5
img376,Ne8
img377,Rfd1
img378,Kxd4
img379,Kxc4
img380,Nxg2
img381,Rxg2+
img382,0000
img383,Nxb4
img384,Rdh8
img385,Kdc8
img386,Kh2
img387,Kh7
img388,h4
img389,0000
img390,0000
img391,a1=Q+
img392,Kb6
img393,0000
img394,a6
img395,Rxc1
img396,0000
img397,0000
img398,b7=Q
img399,Bf4
img400,Nd5
img401,Kee7
img402,Qd7
img403,0000
img404,Kgf7
img405,Kbc1
img406,0000
img407,b5
img408,Ke6
img409,0000
img410,Bxh3
img411,0000
img412,Kf3
img413,0000
img414,Qdf1
img415,0000
img416,0000
img417,h4
img418,0000
img419,fxe6
img420,c4
img421,Bb3
img422,0000
img423,Rxd2
img424,0000
img425,Bxe7
img426,0000
img427,Nh4+
img428,f5
img429,Kgh8
img430,0000
img431,Kxg7
img432,Kfe3
img433,0000
img434,Bxf5
img435,0000
img436,Nxc4
img437,Ref1
img438,Nd3
img439,Raa1+
img440,0000
img441,Nxf6
img442,hxg4
img443,0000
img444,0000
img445,Nxc4
img446,Bd6
img447,0000
img448,Rcc2
img449,Kee2
img450,0000
img451,0000
img452,0000
img453,0000
img454,Rxf4
img455,Rbc1
img456,Rxg4
img457,Nc3
img458,0000
img459,Kc1
img460,Rhc8
img461,0000
img462,Rfa4
img463,Bxd3+
img464,e5
img465,Be7
img466,Rxf4
img467,Nd2
img468,Ke4
img469,0000
img470,0000
img471,Qa5
img472,0000
img473,e5
img474,Rhh3
img475,0000
img476,Ke4
img477,Ne6+
img478,a3
img479,Rxe6
img480,0000
img481,f5
img482,0000
img483,Kff7
img484,Kc7
img485,g4
img486,0000
img487,Kf4
img488,0000+
img489,Be5
img490,0000
img491,Kbb6
img492,Kxd8
img493,Kxg6
img494,0000
img495,0000
img496,Bxb3
img497,c2=Q
img498,0000
img499,0000
img500,0000
img501,0000
img502,Nxd7
img503,0000
img504,0000
img505,gxh3
img506,0000
img507,0000
img508,0000+
img509,0000
img510,Kc3
img511,d5
img512,Kbb5
img513,0000
img514,0000
img515,Qdd2
img516,0000
img517,0000
img518,0000
img519,0000
img520,0000
img521,0000
img522,0000
img523,Ke4
img524,Qd4
img525,Kxb1
img526,0000
img527,0000
img528,0000
img529,Raa7+
img530,0000
img531,f5=Q
img532,0000
img533,Kh2
img534,0000
img535,exe4
img536,0000
img537,Rcc7+
img538,Nf4
img539,Kbb6
img540,0000
img541,e5
img542,0000
img543,g3
img544,fxf3
img545,Kh2
img546,Rxe8
img547,Rgf8+
img548,h4
img549,Bc4
img550,Kcb1
img551,Nc6
img552,Kxc2
img553,Red4+
img554,Qeb6
img555,Bd6
img556,0000
img557,0000
img558,Bg3
img559,Bxh8
img560,0000
img561,Ka4
img562,Bd5+
img563,c5
img564,Kd4
img565,Qxe7
img566,d4
img567,0000
img568,0000
img569,0000
img570,Rfh1
img571,Kxe6
img572,gxf5
img573,0000
img574,Kxd3
img575,e2+
img576,b3
img577,f5
img578,e4
img579,g3
img580,Bf3
img581,0000
img582,fxe4
img583,Nb4
img584,Kd2
img585,0000
img586,O-O
img587,Kxg2
img588,0000
img589,0000
img590,0000
img591,Nxb5
img592,0000
img593,f4
img594,0000
img595,Kfg7
img596,Rbb3
img597,0000
img598,Kff3
img599,hxh6
img600,Rba1
img601,Ke2
img602,0000
img603,Ree5
img604,0000
img605,d5
img606,0000
img607,dxc2
img608,0000
img609,0000
img610,Nxb5
img611,0000
img612,0000
img613,Kg4
img614,0000
img615,0000+
img616,0000
img617,Kxf3
img618,0000
img619,Kgh1
img620,Rhh3
img621,Nh4
img622,0000
img623,0000
img624,Kd5
img625,0000
img626,Qe4
img627,Rfe8
img628,Be2
img629,g3
img630,0000
img631,Bxd6
img632,0000
img633,Qc7
img634,Kf2
img635,Red1
img636,Bd5
img637,0000+
img638,Bg7
img639,Ke5
img640,Rxd2
img641,0000
img642,Bxf7
img643,Kxb3
img644,0000
img645,Rxf7
img646,Nh4
img647,0000
img648,0000
img649,Qc7
img650,d6
img651,Rga1
img652,Ne5
img653,0000
img654,0000
img655,0000
img656,Rhd5
img657,0000
img658,0000
img659,Rcd1
img660,Ne6
img661,d6
img662,g5
img663,0000
img664,0000
img665,Kff2
img666,Rxg7
img667,a4
img668,Rgg7
img669,Nxe2
img670,c6
img671,Ng4
img672,0000
img673,0000
img674,0000
img675,Kee2
img676,Kd1
img677,Kgg5
img678,Kxh7
img679,0000
img680,Nxc7
img681,0000
img682,Rxe5
img683,0000
img684,0000+
img685,O-O
img686,Qf5
img687,Qc2
img688,0000
img689,Kxg5
img690,Kg7
img691,Ng6
img692,Rgb1
img693,Kf4
img694,axa3
img695,0000
img696,Rab8
img697,Qcc7
img698,Bxb2
img699,Kee2
img700,0000
img701,Rxe7+
img702,Kfe1
img703,0000
img704,0000
img705,Kgh6
img706,0000
img707,Rdd7
img708,Kxf3
img709,0000
img710,Rac1
img711,dxc6
img712,Rxf6
img713,0000
img714,0000
img715,Rxh6
img716,Rgg7
img717,0000
img718,Kgf1
img719,Kxe6
img720,0000
img721,Kd7
img722,Nxe5
img723,0000
img724,Kab1
img725,Nd3
img726,cxc7
img727,bxa3
img728,0000
img729,0000
img730,0000
img731,Rdd3
img732,axb5
img733,0000
img734,Kdc1
img735,0000
img736,Kxf8
img737,Nd3
img738,Ree1
img739,Kxh7
img740,0000
img741,b4
img742,0000
img743,0000
img744,0000
img745,0000
img746,a5
img747,Kcc8
img748,0000
img749,0000
img750,dxd5
img751,Rgf1+
img752,Raa7
img753,0000
img754,Ke1
img755,0000
img756,Rxg5
img757,Khh5
img758,Nxe4
img759,Kd4
img760,Bc2
img761,0000
img762,0000
img763,Raf8
img764,Kf1
img765,Kg2
img766,0000
img767,Kd4
img768,bxc3
img769,Qc7
img770,0000
img771,Kfg3
img772,0000
img773,Nb5
img774,Kff3
img775,Rff2
img776,Kxf3
img777,0000
img778,0000
img779,0000
img780,bxh3
img781,g6
img782,0000
img783,Be7
img784,0000
img785,Kxb7
img786,0000
img787,Kfg8
img788,Bxe3
img789,Rad1
img790,0000
img791,0000
img792,Nxf7+
img793,Rdd8
img794,0000
img795,Kcc1
img796,0000
img797,Kxh1
img798,0000
img799,bxc4
img800,0000
img801,0000+
img802,0000
img803,Rba8
img804,0000+
img805,Nb7
img806,f5
img807,Rxf1+
img808,Kxg8
img809,0000
img810,g6
img811,Bb7
img812,0000
img813,hxh4
img814,Qa4
img815,Kcd7
img816,Kxc3
img817,g5
img818,0000
img819,Be6
img820,Rxa7
img821,0000
img822,Rxa8
img823,Bh4
img824,0000
img825,0000
img826,Kxg5
img827,Be6
img828,Rxc7
img829,0000
img830,Nxd4
img831,0000
img832,Rhh8
img833,Rxd8
img834,Rfh3
img835,Kgg2
img836,0000
img837,e4
img838,0000
img839,0000
img840,Bxf2+
img841,Rhh7+
img842,Kgh7
img843,bxc3
img844,Kxf1
img845,Rac8
img846,0000
img847,0000
img848,Kh3
img849,bxb3
img850,g4
img851,0000
img852,Rxc8
img853,0000
img854,Khh2
img855,f4
img856,Kcd3
img857,h4
img858,Kg5
img859,Rff8+
img860,Ked1
img861,Qa8
img862,0000
img863,axa3
img864,Rxa6
img865,Rbd2
img866,0000+
img867,0000
img868,Kd1
img869,0000
img870,Bd2
img871,0000
img872,0000
img873,0000
img874,Kcd8
img875,0000
img876,0000
img877,Rbb7+
img878,Bxb6
img879,b1=Q+
img880,Kba3
img881,Ree8
img882,0000
img883,Ke4
img884,Bxd5
img885,Rff5
img886,Kxb5
img887,Nb4
img888,f3
img889,0000
img890,Rgg7
img891,Rdb2
img892,Bd2
img893,0000
img894,0000
img895,0000
img896,Rbb7+
img897,d4
img898,dxe5
img899,Ked1
img900,Kef8
img901,Kxa8
img902,Nxd6
img903,Kde6
img904,0000
img905,Rgg7
img906,Be6
img907,Kxf8
img908,0000
img909,Rfe8
img910,h3
img911,Kxg3
img912,Qxb3
img913,0000
img914,0000
img915,Kxh5
img916,d5
img917,Nc6
img918,Kc3
img919,Rhf1
img920,Rbd8
img921,Nf3+
img922,Bxc6
img923,hxh5
img924,Qe5
img925,Rfg1
img926,0000
img927,0000
img928,Rhd8
img929,h3
img930,f4
img931,0000
img932,0000
img933,Qb4+
img934,Ka6
img935,Nc4+
img936,Rxb8
img937,dxe4
img938,Rec6
img939,Rfa1
img940,Qxd1
img941,a6
img942,Kc7
img943,Kxh6
img944,0000
img945,Nd4
img946,Kxg2
img947,0000
img948,Kff2
img949,0000+
img950,0000
img951,Kxh8
img952,c4
img953,0000
img954,0000
img955,Rhh5
img956,Kxb2
img957,0000+
img958,0000
img959,Kg8
img960,f5
img961,0000
img962,Rff1
img963,h3
img964,Rdc3
img965,Bxf8
img966,g5
img967,Ne4
img968,Ng4
img969,d5
img970,Bxg3
img971,Nc8
img972,Nf3
img973,Bxd8
img974,Ne8+
img975,h3
img976,0000
img977,Bg2
img978,0000
img979,0000
img980,Rcd6+
img981,Bd6
img982,0000
img983,O-O
img984,f5
img985,0000
img986,Rxd1
img987,Kf6
img988,Khg6
img989,Rdd1
img990,Nxf4
img991,Bxf6
img992,Kxe2
img993,Rdd8
img994,fxf6
img995,Kde7
img996,Bc8
img997,Kgg2
img998,0000+
img999,axa3+
img1000,Qce2
img1001,0000
img1002,Rdd6+
img1003,Kxe4
img1004,0000
img1005,0000
img1006,0000+
img1007,Kh2
img1008,Qg1+
img1009,0000
img1010,Bd3
img1011,Ke3
img1012,Kgh8
img1013,gxf3
img1014,0000
img1015,Rag8
img1016,Kgh7
img1017,0000
img1018,0000
img1019,Rxh3
img1020,Kde8
img1021,0000
img1022,Kgg2
img1023,0000
img1024,0000
img1025,0000
img1026,Bg7
img1027,Kgh8
img1028,Nc6
img1029,Qxc7
img1030,Kxe4
img1031,Rff3
img1032,Qc2
img1033,0000
img1034,0000
img1035,0000
img1036,0000
img1037,Ka8
img1038,Rxg3
img1039,Kfe3
img1040,g5
img1041,Rxh4+
img1042,Kcb2
img1043,Kg8
img1044,0000
img1045,0000
img1046,0000
img1047,Rag1
img1048,Rga2
img1049,Nf5
img1050,h5
img1051,Rgg2
img1052,0000
img1053,h5
img1054,0000
img1055,Nxe5
img1056,Bxg6
img1057,0000
img1058,Kgg2
img1059,exd6
img1060,fxf5
img1061,Kfg3
img1062,Kg5
img1063,0000
img1064,0000+
img1065,Ne2+
img1066,0000
img1067,0000
img1068,0000
img1069,Kxd4
img1070,0000
img1071,0000
img1072,g5
img1073,Bf4
img1074,dxe5
img1075,Rhf7
img1076,Kgh8
img1077,0000
img1078,Kf2
img1079,0000
img1080,0000
img1081,Qdd7
img1082,Ba4
img1083,Kc8
img1084,0000
img1085,Rba7
img1086,h6
img1087,Rbc8
img1088,Khh7
img1089,Rdd5+
img1090,Kg5
img1091,0000
img1092,0000
img1093,Kbc4
img1094,Kc7
img1095,Rhh5
img1096,0000
img1097,Kcd3
img1098,Qee7
img1099,Bb7
img1100,0000
img1101,b3
img1102,Kee8
img1103,0000
img1104,Nxf4
img1105,0000
img1106,Nc7
img1107,0000
img1108,h6
img1109,Bc8
img1110,Rff7
img1111,Rgg4
img1112,Rbc2
img1113,Bxd3+
img1114,Kfe2
img1115,a5
img1116,Raf1
img1117,0000
img1118,Nc3
img1119,Kg7
img1120,0000
img1121,Kaa5
img1122,Bf3
img1123,0000
img1124,Kb7
img1125,Rxe4
img1126,f6
img1127,Qd1
img1128,0000
img1129,0000
img1130,Rdd4
img1131,b3
img1132,Nd3
img1133,0000
img1134,0000
img1135,Rga7
img1136,Rec1+
img1137,Qde2
img1138,Kxa2
img1139,Ka7
img1140,g4
img1141,0000
img1142,Bc2
img1143,Kg8
img1144,c4
img1145,0000
img1146,Rxd3
img1147,b3
img1148,0000
img1149,Rxd8+
img1150,Rxa7
img1151,b4=Q
img1152,0000
img1153,Qxd6
img1154,Kxb3
img1155,Kee7
img1156,0000
img1157,Kcc2
img1158,Rfa1
img1159,0000
img1160,Kg5
img1161,Rfd1
img1162,0000
img1163,Qd2
img1164,Be7
img1165,0000
img1166,Qxd8
img1167,Kf1
img1168,Qdd6
img1169,Kg5
img1170,Bh4
img1171,0000
img1172,cxd4
img1173,0000
img1174,g3
img1175,f3
img1176,f5
img1177,Bd5
img1178,0000
img1179,0000
img1180,Kh7
img1181,0000
img1182,Rfc6+
img1183,gxf4
img1184,0000
img1185,g3
img1186,0000
img1187,Ng8
img1188,Nc7
img1189,a3
img1190,0000
img1191,0000
img1192,Khh3
img1193,Kg1
img1194,Qeb7+
img1195,Bxd7
img1196,0000
img1197,Bg7
img1198,Bxc3+
img1199,Kd2
img1200,b5
img1201,0000
img1202,Kc2
img1203,gxg5
img1204,Kg4
img1205,exf7+
img1206,0000
img1207,Nxg3
img1208,hxh4
img1209,Kd6
img1210,Qb3
img1211,Rxf8
img1212,0000
img1213,0000
img1214,0000
img1215,Rdd7
img1216,fxf4
img1217,Kee5
img1218,Rdc7
img1219,Ka4
img1220,Rbf8
img1221,0000
img1222,Be2
img1223,Nc7
img1224,0000
img1225,0000
img1226,0000
img1227,Bg5
img1228,0000
img1229,Nxf3
img1230,0000
img1231,Kee7
img1232,Qb6
img1233,g6
img1234,Kgh1
img1235,Kh4
img1236,Nf6
img1237,0000
img1238,gxg4
img1239,0000
img1240,Raf1
img1241,Kc6
img1242,Nxf6
img1243,Qee6+
img1244,Bxc3
img1245,fxf6
img1246,Qxc6
img1247,Kxf8
img1248,0000
img1249,Rfe5+
img1250,Kxe3
img1251,Nxe4
img1252,0000
img1253,Qe6
img1254,Nc4
img1255,0000
img1256,0000
img1257,0000
img1258,Rcc4
img1259,Kxd6
img1260,0000
img1261,0000
img1262,Kgf1
img1263,Rfe1
img1264,Kc2
img1265,Bf6
img1266,c3
img1267,Bc7
img1268,Raa8+
img1269,Be3
img1270,Rxh2
img1271,f4
img1272,0000
img1273,0000
img1274,h6
img1275,fxg5
img1276,0000
img1277,0000
img1278,Nxf3+
img1279,0000
img1280,Rag7
img1281,Qfd2
img1282,Bxc4
img1283,0000
img1284,0000
img1285,Bd4
img1286,Qxd7
img1287,Bb7
img1288,g6
img1289,b5
img1290,0000
img1291,Ked7
img1292,Kxb6
img1293,Ng6
img1294,0000
img1295,cxb5
img1296,Qxd2
img1297,Rcc7
img1298,Nxe5
img1299,0000
img1300,0000
img1301,Kgg3
img1302,0000
img1303,Ng4
img1304,Kaa8
img1305,Ne4
img1306,0000+
img1307,0000
img1308,Nxb2
img1309,0000
img1310,Rxf6
img1311,Kef8
img1312,Kdd2
img1313,0000
img1314,f3
img1315,0000
img1316,0000
img1317,Nc3
img1318,d4
img1319,Qdd6
img1320,0000+
img1321,dxc5
img1322,0000
img1323,Bb7
img1324,b5
img1325,0000
img1326,b5
img1327,0000
img1328,Rec1
img1329,Ref5
img1330,Kh6
img1331,c6
img1332,d3=Q
img1333,0000
img1334,Qd4
img1335,Qbe6
img1336,Nxb4
img1337,Rcc1+
img1338,0000
img1339,g6
img1340,Rxf1+
img1341,0000
img1342,Kff5
img1343,Kgf8
img1344,0000
img1345,fxf6
img1346,0000
img1347,Rde2
img1348,0000
img1349,c5
img1350,Rxd1
img1351,0000
img1352,0000
img1353,Kgg1
img1354,Kxf4
img1355,a4
img1356,Na6
img1357,g3
img1358,0000
img1359,a3
img1360,Kc8
img1361,0000
img1362,Bxd6
img1363,0000
img1364,Khh5
img1365,Bxg1+
img1366,0000
img1367,e5
img1368,g4
img1369,0000
img1370,0000
img1371,Kh7
img1372,Bf4
img1373,0000
img1374,axa2
img1375,0000
img1376,0000
img1377,Rhg8
img1378,0000
img1379,b8=Q
img1380,Kd4
img1381,0000
img1382,a5
img1383,Qxc5
img1384,Kxd2
img1385,Nc4
img1386,Kf5
img1387,0000
img1388,Qxe5
img1389,Bxc5
img1390,0000
img1391,Nf1
img1392,0000
img1393,Be4
img1394,Rac8
img1395,Kxh7
img1396,Kf7
img1397,Rhb1
img1398,O-O
img1399,Kgg7
img1400,Kg1
img1401,0000
img1402,bxc5
img1403,g6
img1404,0000
img1405,Qb6
img1406,Bd6
img1407,Rxf8
img1408,Kfg4
img1409,0000
img1410,Rda8
img1411,Rxd1
img1412,f6
img1413,e6
img1414,Kgg1
img1415,axb3
img1416,0000
img1417,0000
img1418,Nxe5
img1419,Rdf4
img1420,0000
img1421,hxh5
img1422,Rcc6+
img1423,Rhh3
img1424,Qe7
img1425,Rcf4
img1426,Rxb6
img1427,Bd6
img1428,Qd8
img1429,g5
img1430,Rgh8
img1431,0000
img1432,0000
img1433,0000
img1434,Kcb7
img1435,0000
img1436,cxb4
img1437,gxb5
img1438,Kee6
img1439,Bg3
img1440,Kgg8
img1441,0000
img1442,0000
img1443,g5+
img1444,0000
img1445,Ref8
img1446,0000
img1447,Kdc2
img1448,Rad8
img1449,0000
img1450,Bxa6
img1451,Nxe4+
img1452,0000
img1453,f6
img1454,Bxa6
img1455,Kaa4
img1456,0000
img1457,Nxd2
img1458,Bxa6
img1459,0000
img1460,fxf6
img1461,bxc6
img1462,0000
img1463,f6
img1464,Rea8+
img1465,Bxa6
img1466,Qxb6
img1467,Kxf6
img1468,hxg3
img1469,0000
img1470,0000
img1471,0000
img1472,Rag1
img1473,Rgg7
img1474,0000
img1475,Khg2
img1476,Khh2
img1477,e2+
img1478,Kdd7
img1479,Bxd7
img1480,Ne7
img1481,0000
img1482,b4
img1483,a4
img1484,0000
img1485,Ne7
img1486,0000
img1487,0000
img1488,0000
img1489,0000
img1490,h5
img1491,Rgg8+
img1492,bxc4
img1493,0000
img1494,Qc7
img1495,0000
img1496,exf4
img1497,dxe4
img1498,0000
img1499,0000
img1500,0000+
img1501,Rdd2+
img1502,Qxb3
img1503,Nxh8
img1504,0000
img1505,Bxd7
img1506,Rxc8
img1507,0000+
img1508,Qxh5+
img1509,Qc6
img1510,0000
img1511,0000
img1512,0000
img1513,Bh4
img1514,Nxc5
img1515,Rfd8
img1516,0000
img1517,0000
img1518,fxe3
img1519,Rxc1
img1520,Kb2
img1521,0000+
img1522,Kh4
img1523,0000
img1524,O-O
img1525,0000
img1526,c6
img1527,Ng5
img1528,0000
img1529,Ree3
img1530,Kgg3
img1531,Kcb3
img1532,0000
img1533,Nxd5
img1534,Nxe3+
img1535,Qb6
img1536,0000
img1537,Kxc5
img1538,Kcb7
img1539,Kf5
img1540,exf5
img1541,0000
img1542,Kgf1
img1543,0000
img1544,Kh2
img1545,b4
img1546,hxg5
img1547,Qa2
img1548,Bxe5
img1549,0000
img1550,b3
img1551,0000
img1552,Rdd8+
img1553,0000
img1554,Nxe5
img1555,Bxc8
img1556,Kxd3
img1557,Qxf6
img1558,Bxe6+
img1559,Nxd3
img1560,Bc4
img1561,Bc1
img1562,Ng3
img1563,0000
img1564,0000
img1565,Kxf1
img1566,Kff5
img1567,b4
img1568,Rxf3+
img1569,Bxc5
img1570,0000
img1571,Rcb1
img1572,0000
img1573,Nxg3
img1574,O-O
img1575,0000
img1576,0000
img1577,a4
img1578,Bxd1
img1579,0000
img1580,0000
img1581,Nd5
img1582,g5
img1583,Ng3
img1584,0000
img1585,0000
img1586,Rdc8
img1587,Kc4
img1588,Bf6
img1589,Kfg2
img1590,Qf6
img1591,Ree5
img1592,0000
img1593,Kb4
img1594,Rad3
img1595,0000
img1596,Rxe5
img1597,Qxe5
img1598,0000
img1599,Qb4
img1600,Kf2
img1601,Kf4
img1602,Qxd7
img1603,Rbd8
img1604,Bxb2
img1605,Kcc4
img1606,fxf4
img1607,b4
img1608,Kcd7
img1609,Bxd5
img1610,0000+
img1611,0000
img1612,Rac1
img1613,Kcc6
img1614,fxg5
img1615,a3
img1616,0000
img1617,Kc8
img1618,Kgf8
img1619,Bxe4
img1620,Kxh6
img1621,0000
img1622,0000
img1623,0000
img1624,0000
img1625,0000
img1626,Bc3
img1627,Kxa7
img1628,Rdd3
img1629,Kef6
img1630,0000
img1631,Qd7
img1632,gxg3
img1633,Qxb5
img1634,0000
img1635,0000
img1636,Bc4
img1637,Kxb6
img1638,Qf6+
img1639,Rfh8
img1640,Rxe1
img1641,c3
img1642,Rxe1
img1643,0000
img1644,0000
img1645,Kf3
img1646,0000
img1647,0000
img1648,0000
img1649,0000
img1650,Rde2
img1651,0000
img1652,Rca3+
img1653,0000
img1654,0000
img1655,gxf3
img1656,0000+
img1657,0000
img1658,Nf6
img1659,0000
img1660,g5
img1661,Nxb5+
img1662,0000
img1663,Kf4
img1664,Kh7
img1665,0000
img1666,dxd4
img1667,Kfe7
img1668,Rxg4+
img1669,Bf6
img1670,Nd6
img1671,Nxe5
img1672,Rxb6
img1673,Kh2
img1674,Kab8
img1675,0000
img1676,Kxd4
img1677,Kxh8
img1678,bxc6
img1679,0000
img1680,Nd4
img1681,0000
img1682,0000
img1683,Nc6
img1684,0000
img1685,0000
img1686,c5
img1687,Nxe5
img1688,Nxe5
img1689,Bd5
img1690,a5
img1691,Kb7
img1692,Bf6
img1693,0000
img1694,a5
img1695,0000
img1696,Bxe4
img1697,Nh2
img1698,Qxf4+
img1699,g3
img1700,Qee6
img1701,Kcc3
img1702,b5
img1703,0000
img1704,Reg4
img1705,0000+
img1706,Kef5
img1707,0000
img1708,0000
img1709,0000
img1710,0000
img1711,0000
img1712,bxa4
img1713,Bc5
img1714,gxf6
img1715,Rxf8
img1716,Bxf5
img1717,0000
img1718,0000
img1719,0000
img1720,Kfe2
img1721,0000
img1722,Bf2
img1723,g4
img1724,Kxf7
img1725,0000
img1726,0000
img1727,0000
img1728,Kgh8
img1729,Qce6
img1730,Kgf1
img1731,Rfe8
img1732,Ree3
img1733,Kfg6
img1734,gxg5
img1735,Rxg4
img1736,0000+
img1737,hxh4
img1738,Raa7+
img1739,0000
img1740,0000
img1741,h3
img1742,0000
img1743,0000
img1744,Kxf4
img1745,Bc3
img1746,Bc6
img1747,Bg7
img1748,0000
img1749,Rcd8
img1750,0000
img1751,Ng4
img1752,Kff3
img1753,0000
img1754,c3=Q
img1755,0000
img1756,Rgc8
img1757,Rxc1
img1758,0000+
img1759,Rad8+
img1760,Bc4+
img1761,0000
img1762,Rae1
img1763,Kg8
img1764,a3
img1765,hxg3
img1766,Ba2
img1767,Bg5
img1768,0000
img1769,b5
img1770,Qe2
img1771,f4
img1772,Kf6
img1773,Qd5
img1774,0000
img1775,Rhh5
img1776,Kg2
img1777,Kdd4
img1778,0000
img1779,Rhg4+
img1780,Bxf8
img1781,g5
img1782,Qge6
img1783,Rxf1+
img1784,0000+
img1785,Kcb3
img1786,0000
img1787,c6
img1788,Rxe8
img1789,Rdf6
img1790,Kxh6
img1791,Kdc2
img1792,b4
img1793,Rdc8
img1794,0000
img1795,Bxe2
img1796,0000
img1797,0000
img1798,0000
img1799,Rac8
img1800,Kxb3
img1801,Nxe8
img1802,Rab1
img1803,0000
img1804,Kxg6
img1805,Kee7
img1806,0000
img1807,0000
img1808,0000
img1809,0000
img1810,Bc5
img1811,Ke7
img1812,Rxe1
img1813,Rcc6
img1814,Rae8
img1815,Kb2
img1816,Nc4
img1817,0000
img1818,Nc5
img1819,Qc7
img1820,0000
img1821,0000
img1822,0000
img1823,0000
img1824,Rbd4
img1825,Bxe4
img1826,0000
img1827,f2+
img1828,Rfd8
img1829,d4
img1830,0000
img1831,Qcc3
img1832,Kgf8
img1833,Qa5
img1834,fxe3
img1835,Rfh3
img1836,a3
img1837,Nc5
img1838,0000
img1839,0000
img1840,Bd7+
img1841,Bh5
img1842,Ke4
img1843,0000
img1844,0000+
img1845,0000
img1846,Qc7
img1847,0000
img1848,Rff7
img1849,Bc2
img1850,bxc3
img1851,Nxe6
img1852,Be6
img1853,Nc6
img1854,Kdd5
img1855,Kb8
img1856,0000
img1857,Bxc3
img1858,Nd3
img1859,0000
img1860,Kba6
img1861,Rdd7
img1862,Rxb5
img1863,Rcc5
img1864,Rdg2+
img1865,0000
img1866,Bg7
img1867,0000
img1868,hxh6
img1869,Rxd1
img1870,Reg5
img1871,0000
img1872,Kg4
img1873,Be2
img1874,Nf6+
img1875,Rab8
img1876,0000
img1877,0000
img1878,0000
img1879,0000
img1880,Kh5
img1881,dxe4
img1882,Ka8
img1883,Kxf8
img1884,Rdc7
img1885,h3
img1886,Ka6
img1887,0000+
img1888,0000
img1889,Kxh7
img1890,0000
img1891,0000
img1892,Kf8
img1893,0000
img1894,f2+
img1895,Rdc7
img1896,Kd3
img1897,Rfe1
img1898,Kcd2
img1899,0000
img1900,Kfe8
img1901,Rdc7
img1902,0000
img1903,0000
img1904,0000
img1905,0000
img1906,Nxd4
img1907,g3
img1908,0000
img1909,Rxd6+
img1910,Bf5
img1911,0000
img1912,Rbe2
img1913,Ked1
img1914,0000
img1915,Kab1
img1916,a5
img1917,Rxc7
img1918,Qe2
img1919,Khh7
img1920,Kgg4
img1921,Kg4
img1922,cxd4
img1923,Kgf8
img1924,f5
img1925,0000
img1926,Rxc4
img1927,Kgg7
img1928,0000
img1929,Nc7
img1930,0000
img1931,0000
img1932,0000
img1933,g6
img1934,0000
img1935,Qde7
img1936,Rca3
img1937,Kgf3
img1938,Kc2
img1939,0000
img1940,0000
img1941,b3
img1942,0000
img1943,Bxe7
img1944,Kxb5
img1945,Kxe7
img1946,Kxg5
img1947,0000
img1948,0000
img1949,Qdc6
img1950,0000
img1951,0000
img1952,Nxf4
img1953,h5
img1954,hxh4
img1955,Ng8
img1956,f6
img1957,Kdc1
img1958,0000
img1959,Rdc6+
img1960,0000
img1961,Bd7
img1962,Rbc8+
img1963,Nd7
img1964,0000
img1965,Rdd2
img1966,0000
img1967,Kd6
img1968,Rhf8
img1969,0000
img1970,Qh5
img1971,0000
img1972,Bxf3
img1973,Qf3
img1974,Nd6
img1975,Bxd4
img1976,Ke8
img1977,0000
img1978,0000
img1979,0000
img1980,Kxe8
img1981,Kee5
img1982,cxb2
img1983,O-O
img1984,Rad8
img1985,0000
img1986,0000
img1987,Kaa4
img1988,Rxd1
img1989,fxg4
img1990,Kcd7
img1991,0000
img1992,0000
img1993,0000
img1994,O-O
img1995,g5
img1996,Rxf7
img1997,0000
img1998,Rff7
img1999,Bb3
img2000,Kg4
img2001,O-O
img2002,0000
img2003,Nxf3
img2004,Rfg8
img2005,c4
img2006,Rxb3
img2007,0000
img2008,Kg8
img2009,Ne5
img2010,0000
img2011,Kcb7
img2012,Kc6
img2013,Rac8+
img2014,Kxc4
img2015,0000
img2016,0000
img2017,Bg4
img2018,0000+
img2019,c4
img2020,Kf1
img2021,0000
img2022,0000
img2023,Kxh2
img2024,Bxe7
img2025,Kc7
img2026,0000
img2027,Raa3
img2028,0000
img2029,Ng4
img2030,Qec7
img2031,Ng4
img2032,Nxe7
img2033,0000
img2034,g4
img2035,Qbb6+
img2036,0000
img2037,Be3
img2038,gxg6
img2039,0000
img2040,Rhg8
img2041,Raa4
img2042,b5
img2043,cxc4
img2044,Kxf7
img2045,0000
img2046,0000
img2047,0000
img2048,Bxd4
img2049,Kef8
img2050,0000
img2051,0000
img2052,0000
img2053,Nb8
img2054,0000
img2055,Kbc2
img2056,Bxd5
img2057,g4
img2058,0000
img2059,Rxc1+
img2060,f3
img2061,gxh3
img2062,0000
img2063,Nd2
img2064,Kg5
img2065,Kxc6
img2066,Rxa2
img2067,0000
img2068,0000
img2069,0000
img2070,Bxd8
img2071,0000
img2072,0000
img2073,Bxg5
img2074,Nxf3
img2075,Rfc8
img2076,Ref6
img2077,0000
img2078,0000
img2079,0000
img2080,Nd4
img2081,0000
img2082,Kfe1
img2083,Kf7
img2084,0000
img2085,Qce7
img2086,0000
img2087,Nd4
img2088,0000
img2089,Nf3
img2090,0000
img2091,Nxb2
img2092,cxd4
img2093,Nxe5
img2094,Kd4
img2095,Rfe1
img2096,Ka6
img2097,Rxa6
img2098,gxg5
img2099,Nf4
img2100,Kgg4
img2101,Ke2
img2102,Kb6
img2103,Rad1
img2104,Qxd5+
img2105,Rbb7
img2106,Kxh5
img2107,exe4
img2108,Kg8
img2109,0000
img2110,0000
img2111,Bd8
img2112,Nxe6
img2113,Kee6
img2114,h5
img2115,0000+
img2116,0000
img2117,Kxf2
img2118,g2+
img2119,g5
img2120,0000
img2121,Rcc1
img2122,cxd6+
img2123,Qee3
img2124,0000
img2125,Rcb8
img2126,b4
img2127,0000
img2128,0000
img2129,0000
img2130,0000+
img2131,0000
img2132,0000
img2133,Kxf1
img2134,Kcb1
img2135,Rhh2+
img2136,0000
img2137,axb4
img2138,exf4
img2139,Kc2
img2140,0000
img2141,0000
img2142,Qxg7
img2143,a6
img2144,0000
img2145,h5
img2146,0000
img2147,Ked5
img2148,bxa5
img2149,Bf4
img2150,Rbc5
img2151,0000
img2152,0000
img2153,Qf3
img2154,bxb6
img2155,0000
img2156,0000
img2157,Bg4
img2158,0000
img2159,0000
img2160,Rcc2
img2161,Bxe6
img2162,Kc3
img2163,0000
img2164,0000
img2165,Kdc7
img2166,Bd2
img2167,Kd5
img2168,Kh6
img2169,Bxe3
img2170,Kf7
img2171,Kxa6
img2172,Nxd4
img2173,0000
img2174,0000
img2175,0000
img2176,Kbb8
img2177,0000
img2178,Kdd6
img2179,Nh5
img2180,Kgh8
img2181,0000
img2182,0000
img2183,Rac8
img2184,Nc5
img2185,Ref4+
img2186,0000
img2187,Reg3
img2188,0000
img2189,gxh6
img2190,c2
img2191,Bc5
img2192,0000
img2193,h6
img2194,0000
img2195,Bh4+
img2196,0000
img2197,Nc7
img2198,Kc4
img2199,0000
img2200,0000
img2201,Qff3
img2202,Rfb4
img2203,0000
img2204,Rxa4
img2205,Kxg4
img2206,Ked6
img2207,Bxe3+
img2208,0000
img2209,0000
img2210,Qd6
img2211,Rxh1
img2212,Reg8
img2213,Kgg7
img2214,0000
img2215,f4=Q
img2216,c6
img2217,Ne2
img2218,0000
img2219,Bc4+
img2220,0000
img2221,Kf3
img2222,0000
img2223,Kh3
img2224,Rcc3
img2225,0000
img2226,g4
img2227,Qxd3
img2228,Qxh5
img2229,h3
img2230,Bg7
img2231,0000
img2232,Kd2
img2233,0000
img2234,0000
img2235,Kxc2
img2236,h5
img2237,0000
img2238,Nf3
img2239,exf5
img2240,Bf1
img2241,Bh6
img2242,0000
img2243,Rcc3
img2244,Bxg3
img2245,Qgf6+
img2246,Bd6
img2247,Qc7
img2248,0000
img2249,Bb7
img2250,Kef8
img2251,Qxb2
img2252,0000
img2253,Rxd4
img2254,Nd7
img2255,Kxb2
img2256,Kb5
img2257,0000
img2258,0000
img2259,0000+
img2260,Rbb2+
img2261,Be8
img2262,0000
img2263,Rcg8+
img2264,0000
img2265,0000
img2266,Rgg5
img2267,0000
img2268,Qxc3+
img2269,Khh7
img2270,0000
img2271,0000
img2272,0000
img2273,0000
img2274,0000
img2275,Kd4
img2276,Nxg5
img2277,Kb7
img2278,0000
img2279,Kc4
img2280,0000
img2281,Rxb1
img2282,0000
img2283,Kxe8
img2284,0000
img2285,cxc4
img2286,dxc6
img2287,0000
img2288,0000
img2289,Kfg2
img2290,Kde2
img2291,Kcb1
img2292,0000
img2293,Bxf7+
img2294,0000
img2295,0000
img2296,0000
img2297,d6
img2298,Kb7
img2299,cxd6
img2300,Rab8
img2301,Rad8
img2302,h5
img2303,Kde7
img2304,Kb7
img2305,Kd2
img2306,0000
img2307,0000
img2308,c4
img2309,0000
img2310,0000
img2311,0000
img2312,Qag5+
img2313,Nc3
img2314,Kf7
img2315,Kxf1
img2316,0000
img2317,g3
img2318,Qf6
img2319,0000
img2320,0000
img2321,Rfe8
img2322,0000
img2323,Kxh2
img2324,Ng4+
img2325,0000
img2326,0000
img2327,Bc5
img2328,dxe5
img2329,Ree2
img2330,Qxc3+
img2331,h6
img2332,Bg5
img2333,0000
img2334,0000
img2335,Be4
img2336,a5
img2337,0000
img2338,0000
img2339,0000
img2340,0000
img2341,dxe5
img2342,Kde4
img2343,0000
img2344,0000
img2345,Ke7
img2346,0000
img2347,O-O
img2348,0000
img2349,Rfa7
img2350,e5
img2351,Kgf8
img2352,Rfa1
img2353,Kgg2
img2354,Kde5
img2355,0000
img2356,exd5
img2357,Nxc4+
img2358,Rcf2
img2359,0000
img2360,0000
img2361,Rxe4
img2362,e5
img2363,Qxb6
img2364,Nxe6
img2365,0000
img2366,0000
img2367,0000
img2368,0000
img2369,Qdg3
img2370,Ke8
img2371,0000
img2372,h4
img2373,0000
img2374,0000
img2375,0000
img2376,Rhh8
img2377,0000
img2378,Kf1
img2379,g3
img2380,Khh4
img2381,0000
img2382,g3
img2383,Kgg4
img2384,Rbd1
img2385,Nc6
img2386,0000
img2387,b3
img2388,Bd5
img2389,Nd2
img2390,Bf8
img2391,dxd3
img2392,Kdc8
img2393,Ba4
img2394,0000
img2395,0000
img2396,0000
img2397,0000
img2398,Rab3
img2399,Kgf5
img2400,gxf2+
img2401,Qaa8
img2402,Qxc7
img2403,0000
img2404,Qbe3
img2405,Rxe3
img2406,0000
img2407,Rce2
img2408,Kbb7
img2409,Kff6
img2410,0000
img2411,g5
img2412,Kf8
img2413,Kf5
img2414,0000
img2415,0000
img2416,Kd3
img2417,Khh6
img2418,Kfg7
img2419,0000
img2420,Rxe1+
img2421,0000
img2422,0000
img2423,0000
img2424,g3
img2425,Nxc7
img2426,0000
img2427,Rcc5
img2428,Nb4
img2429,Reg2
img2430,Rcf7+
img2431,Qd3
img2432,0000
img2433,0000
img2434,a3
img2435,0000
img2436,Nc6
img2437,0000
img2438,0000
img2439,Kfg7
img2440,a6
img2441,Raa7
img2442,0000
img2443,0000
img2444,0000
img2445,Qb7
img2446,0000
img2447,Kf2
img2448,Bxd6
img2449,Kd5
img2450,Kd2
img2451,h3
img2452,Nd7
img2453,0000
img2454,0000
img2455,Ba3
img2456,Kxb8
img2457,Rfe1
img2458,Kc6
img2459,Kee3
img2460,0000
img2461,g5
img2462,Rxf5
img2463,Kee3
img2464,Rad8
img2465,Rdc8
img2466,axb5
img2467,f6
img2468,0000
img2469,c2
img2470,0000
img2471,0000
img2472,0000+
img2473,b6
img2474,0000
img2475,Bxc4
img2476,Rxe8
img2477,Rxf8
img2478,Bb7
img2479,0000
img2480,0000
img2481,Ne1
img2482,Be4
img2483,0000
img2484,Rxa1
img2485,g5
img2486,Qd8
img2487,0000
img2488,Kh7
img2489,0000
img2490,Kxg2
img2491,Kd4
img2492,Rfe8
img2493,Khh2
img2494,0000
img2495,Rcc5
img2496,Rag1
img2497,Kdc7
img2498,Qxe3
img2499,b4
img2500,c3
img2501,Qa4
img2502,Khg6
img2503,cxd3
img2504,0000
img2505,Kf4
img2506,f3
img2507,Rdc2
img2508,0000
img2509,0000
img2510,0000+
img2511,0000
img2512,Bxb2
img2513,0000
img2514,0000
img2515,0000
img2516,Ng5
img2517,Rxb2
img2518,Kfe1
img2519,0000
img2520,Nxb6
img2521,Bxf3
img2522,Qxd5
img2523,0000
img2524,Rxf3
img2525,Qbb7+
img2526,Nxf6+
img2527,b5
img2528,Kb7
img2529,Rcc7
img2530,Nxd4
img2531,axa3
img2532,fxf3
img2533,Kdc4
img2534,Ng6
img2535,0000
img2536,Nb4
img2537,Kd5
img2538,g5
img2539,gxf5
img2540,Nxh5
img2541,Bb4
img2542,0000
img2543,0000
img2544,Ng3
img2545,0000
img2546,Ng8
img2547,Rea4
img2548,O-O-O
img2549,0000
img2550,Kf7
img2551,0000
img2552,Kff1
img2553,Qxa1
img2554,axb6
img2555,g5
img2556,Bc5+
img2557,Kbc5
img2558,Bg4
img2559,Kxc4
img2560,Kff4
img2561,Nxg2
img2562,Nxc7
img2563,0000+
img2564,Ke5
img2565,0000
img2566,d6
img2567,0000
img2568,c4
img2569,Ng5
img2570,Ked1
img2571,h5
img2572,Rxb4
img2573,Kdc7
img2574,0000
img2575,Nc7
img2576,Kd4
img2577,0000
img2578,0000
img2579,Nxc7
img2580,0000
img2581,0000
img2582,0000
img2583,0000
img2584,axb4
img2585,Kgf7
img2586,0000
img2587,Khh2
img2588,0000
img2589,Kfe1
img2590,0000
img2591,0000
img2592,Kg6
img2593,Rgc1
img2594,0000
img2595,0000
img2596,Ked1
img2597,Kxg4
img2598,c4
img2599,Ree8
img2600,0000+
img2601,g6
img2602,0000
img2603,f3
img2604,Kgf4
img2605,Ba4
img2606,Nf6
img2607,Bd8
img2608,Be5
img2609,Nd4
img2610,0000
img2611,a6
img2612,0000
img2613,0000
img2614,0000
img2615,0000
img2616,0000
img2617,Nd4
img2618,Kdc1
img2619,Kxa4
img2620,0000
img2621,0000
img2622,g6
img2623,0000
img2624,0000
img2625,Kcb1
img2626,0000
img2627,a5
img2628,Bb2
img2629,Nxe4
img2630,Qda8
img2631,0000
img2632,0000
img2633,0000
img2634,fxf3
img2635,Rxc7
img2636,Rff2
img2637,0000
img2638,0000
img2639,Kgh7
img2640,g5
img2641,g6
img2642,Qxd2
img2643,0000
img2644,Qde3
img2645,Raa1
img2646,0000
img2647,Kcb2
img2648,0000
img2649,Ke2
img2650,Kgg5
img2651,Rdd7
img2652,Bd5+
img2653,0000
img2654,Nxd3
img2655,g6
img2656,0000
img2657,0000
img2658,Qxd5
img2659,0000
img2660,Khg2
img2661,Rfg1
img2662,0000
img2663,Red5+
img2664,Be7
img2665,Ne5
img2666,0000
img2667,c4
img2668,axb5
img2669,Rhg3+
img2670,Rfg3
img2671,Kgh1
img2672,Nc4
img2673,0000
img2674,Rae2
img2675,Rbb7
img2676,Kgg7
img2677,Qxf6
img2678,axa3
img2679,Ree7
img2680,a7=Q
img2681,Bxe3
img2682,dxd5
img2683,Rcg1
img2684,0000
img2685,0000
img2686,Raa7+
img2687,Qe4+
img2688,Rea8
img2689,b3
img2690,Kgg1
img2691,0000
img2692,Rgh8
img2693,Kgh8
img2694,0000
img2695,Kf7
img2696,Kb6
img2697,Kdd8
img2698,0000
img2699,0000
img2700,Kdc1
img2701,0000
img2702,Kbb3
img2703,Nxe5
img2704,h5
img2705,0000
img2706,b4
img2707,0000
img2708,Rxf7
img2709,0000
img2710,Rxd8
img2711,fxe3
img2712,Nd3
img2713,0000
img2714,0000
img2715,0000+
img2716,Kff2
img2717,Ked1
img2718,Kff3
img2719,Ke6
img2720,0000
img2721,Rdd4
img2722,fxf6
img2723,Rxc3+
img2724,Qfg3
img2725,Kee8
img2726,f7=Q
img2727,0000
img2728,Rxe1
img2729,0000
img2730,Bxa4
img2731,Rga2
img2732,Kd7
img2733,Khh5
img2734,0000
img2735,c3
img2736,0000
img2737,Kdc2
img2738,Bxc8
img2739,Raa2+
img2740,0000
img2741,0000
img2742,0000
img2743,0000
img2744,0000
img2745,Rfg8
img2746,0000
img2747,Bxe3+
img2748,Qee1
img2749,0000
img2750,Nxb5
img2751,0000
img2752,0000
img2753,0000
img2754,h6
img2755,Kbb7
img2756,0000
img2757,Rbb8+
img2758,Bxd6
img2759,0000
img2760,Qgg5
img2761,0000
img2762,h3
img2763,Qf7+
img2764,0000
img2765,0000
img2766,Rxb1
img2767,Rxe4
img2768,Qf2
img2769,0000
img2770,Rxd5
img2771,0000
img2772,0000
img2773,0000
img2774,0000
img2775,0000
img2776,Qe2
img2777,f4
img2778,d5
img2779,Qee4
img2780,gxf4+
img2781,Rxh3
img2782,0000
img2783,0000
img2784,0000
img2785,Bd5
img2786,0000
img2787,Bd7
img2788,0000
img2789,Kgh7
img2790,dxe4
img2791,Qbb6+
img2792,Qb4
img2793,Qxb5
img2794,0000
img2795,Kg7
img2796,0000
img2797,0000
img2798,0000
img2799,Rcc2
img2800,Kf2
img2801,0000+
img2802,Nxe5
img2803,Kg6
img2804,0000
img2805,Rad8
img2806,0000
img2807,cxc4
img2808,Nxd5
img2809,Kxc5
img2810,0000
img2811,Rxe3
img2812,Ng4
img2813,Kde5
img2814,Nxd4
img2815,0000
img2816,Qdf3
img2817,0000
img2818,0000
img2819,Kcd2
img2820,Nxa1
img2821,0000
img2822,Be6
img2823,Ka4
img2824,0000
img2825,Kfe5
img2826,Rad8
img2827,Rbe1
img2828,0000
img2829,Rxg4
img2830,0000
img2831,0000
img2832,Bc1
img2833,0000
img2834,Rdc1
img2835,0000
img2836,Ke4
img2837,Kee1
img2838,Qa4+
img2839,Rde4+
img2840,f2
img2841,exd6
img2842,0000
img2843,Kbc3
img2844,0000
img2845,Nf3+
img2846,Ke2
img2847,Kb6
img2848,Ne2
img2849,0000
img2850,Kxf4
img2851,0000
img2852,0000
img2853,Kdc8
img2854,Kg3
img2855,0000
img2856,0000
img2857,0000
img2858,Rff6
img2859,Ne5
img2860,0000
img2861,Rdd8
img2862,Khh5
img2863,Kef5
img2864,Kxb3
img2865,Rxa6
img2866,0000
img2867,0000
img2868,Rxe1
img2869,0000
img2870,bxc5
img2871,Na6
img2872,Kd2
img2873,0000
img2874,e5
img2875,d3
img2876,0000
img2877,g6
img2878,c3
img2879,Nb5
img2880,Nxd6
img2881,Ke6
img2882,Kgf7
img2883,Kgf1
img2884,Ke6
img2885,0000
img2886,0000
img2887,0000
img2888,Be1
img2889,Bxc4
img2890,exf5
img2891,Be3
img2892,0000
img2893,Kh1
img2894,h6
img2895,Kxg8
img2896,0000+
img2897,0000
img2898,Kcb8
img2899,f4
img2900,h4
img2901,Ne2
img2902,Bxe6
img2903,b3
img2904,0000
img2905,Rxg4
img2906,Nxd4
img2907,0000
img2908,Kff2
img2909,Khg3
img2910,Ree6
img2911,Rxc3
img2912,Kxf2
img2913,0000
img2914,0000
img2915,0000
img2916,0000
img2917,e6
img2918,a5
img2919,0000
img2920,Kdd4
img2921,Kg5
img2922,0000
img2923,Nxe5
img2924,0000
img2925,0000
img2926,0000
img2927,Kxf5
img2928,Nxe4
img2929,Nc4
img2930,0000+
img2931,Nb5
img2932,0000
img2933,Rxe5
img2934,0000
img2935,Ke2
img2936,cxd5
img2937,Be3
img2938,Raa8+
img2939,Kxe1
img2940,0000
img2941,0000
img2942,0000
img2943,0000
img2944,0000
img2945,Kgf2
img2946,0000
img2947,0000
img2948,Kg6
img2949,Kgf6
img2950,Bd3
img2951,0000
img2952,Rbe8
img2953,0000
img2954,0000
img2955,Bxc2
img2956,Nf3
img2957,0000
img2958,Nf2+
img2959,h5
img2960,g3
img2961,0000
img2962,0000
img2963,Qxh7+
img2964,0000
img2965,0000
img2966,0000
img2967,0000
img2968,0000
img2969,Kg3
img2970,Rxh4
img2971,Rbb7+
img2972,Rdf8
img2973,0000
img2974,Rfe8
img2975,0000
img2976,Nc5
img2977,0000
img2978,0000
img2979,Rhc6
img2980,0000
img2981,Kxe2
img2982,Red1
img2983,Qf3
img2984,0000
img2985,g6
img2986,Bg4
img2987,0000
img2988,bxc6
img2989,fxe3
img2990,0000
img2991,Rxa2+
img2992,Bxb3
img2993,0000
img2994,0000
img2995,0000
img2996,Qxa4
img2997,Rxc1
img2998,Rbb4+
img2999,0000
img3000,Kg6
img3001,Rha1
img3002,h4
img3003,0000
img3004,Kdd2
img3005,0000
img3006,Rcc6
img3007,Red1
img3008,Rdd7
img3009,Nxe5
img3010,Kee1
img3011,0000
img3012,Bd6
img3013,0000
img3014,d6
img3015,Bb7
img3016,0000
img3017,Kg2
img3018,0000
img3019,0000
img3020,0000
img3021,0000
img3022,Kgf5
img3023,Raa3
img3024,Kxd8
img3025,Kxf7
img3026,0000+
img3027,0000
img3028,Rfe8
img3029,Rff7
img3030,Qh4
img3031,Rxd7+
img3032,0000
img3033,Nh7
img3034,0000
img3035,Kgh4
img3036,Kee4
img3037,0000
img3038,b4
img3039,Khh2
img3040,Ked4
img3041,0000
img3042,Rgg8
img3043,Bb2
img3044,Khh7
img3045,0000
img3046,0000
img3047,0000
img3048,Bg4
img3049,Rbb3
img3050,f4
img3051,b2
img3052,Kdc7
img3053,Nf5
img3054,Qxb7
img3055,Ka2
img3056,0000
img3057,Rge8
img3058,Bxh6
img3059,0000
img3060,Rcc1
img3061,0000
img3062,Qxf6
img3063,Bf3
img3064,0000
img3065,Rxe3
img3066,fxe4
img3067,Kxe1
img3068,0000
img3069,Rfd1
img3070,Kh6
img3071,0000
img3072,0000
img3073,0000
img3074,h4
img3075,0000
img3076,0000
img3077,Rcc6
img3078,Nh5+
img3079,Kfg1
img3080,Kee6
img3081,Rxg3
img3082,0000
img3083,0000
img3084,Qxg5
img3085,0000
img3086,0000
img3087,0000+
img3088,Bxe6
img3089,Kb4
img3090,0000
img3091,Nh7
img3092,0000
img3093,axa3
img3094,0000
img3095,0000
img3096,Nf3
img3097,0000
img3098,Rdc8
img3099,Nh7
img3100,0000
img3101,Kfg1
img3102,0000
img3103,0000
img3104,Rbb1
img3105,0000
img3106,Qxe2
img3107,Kgf8
img3108,0000
img3109,Kh2
img3110,Ne5
img3111,Kxa4
img3112,Kdd5
img3113,Raa2
img3114,0000
img3115,Rxg2
img3116,0000
img3117,hxg6
img3118,Bc6
img3119,0000
img3120,Kxh5
img3121,0000
img3122,0000
img3123,Rgg6+
img3124,hxg6
img3125,gxf6
img3126,Qdc1
img3127,Raf2
img3128,b5
img3129,0000
img3130,Raa4
img3131,0000
img3132,Kxf7
img3133,0000
img3134,Qh7
img3135,0000
img3136,0000+
img3137,Ne7
img3138,Reh1
img3139,0000
img3140,0000
img3141,Rxe5
img3142,0000
img3143,Rxe8+
img3144,0000
img3145,Qdg3
img3146,Qxa3
img3147,Nc3
img3148,0000
img3149,gxf5
img3150,Qbb7
img3151,0000
img3152,0000
img3153,0000
img3154,Kdc7
img3155,0000
img3156,0000
img3157,0000
img3158,0000
img3159,Ked8
img3160,Kf7
img3161,0000
img3162,dxc7
img3163,c5
img3164,bxb3
img3165,0000
img3166,0000
img3167,0000
img3168,Bxc5
img3169,0000
img3170,Ree4
img3171,0000
img3172,Rxb7
img3173,Qd1
img3174,Be6
img3175,Qc7
img3176,Red1
img3177,0000
img3178,Kb5
img3179,0000
img3180,Rxf6
img3181,Nf4
img3182,0000
img3183,0000+
img3184,Nxd5
img3185,Qe8
img3186,Nc3
img3187,0000
img3188,f6=Q
img3189,0000
img3190,Ree8+
img3191,0000
img3192,Kfg3
img3193,g4
img3194,0000
img3195,Bd7+
img3196,Kxd5
img3197,Rfb8
img3198,Nd6+
img3199,dxe4
img3200,Kfg2
img3201,0000
img3202,Bxg7
img3203,Kff3
img3204,0000
img3205,Ng4
img3206,0000
img3207,Kd7
img3208,fxf4
img3209,hxg3
img3210,Rxe2+
img3211,Rdd7
img3212,Bd1
img3213,Raa6
img3214,0000+
img3215,Qde2
img3216,0000
img3217,0000
img3218,Kxe5
img3219,b4
img3220,Kcc1
img3221,0000
img3222,Khh6
img3223,Rad1
img3224,0000
img3225,Rae8
img3226,Bxe7
img3227,O-O
img3228,0000
img3229,0000
img3230,0000
img3231,Bxh6+
img3232,Reg1
img3233,Kxe5
img3234,0000
img3235,Qde8+
img3236,0000
img3237,Ng5
img3238,Rff2
img3239,Rcg4+
img3240,0000
img3241,0000
img3242,0000
img3243,0000
img3244,Kg6
img3245,Rbb8
img3246,b5
img3247,Nxf6
img3248,Be7
img3249,0000
img3250,g6=Q
img3251,0000
img3252,Rxa7
img3253,Raa6
img3254,Kee7
img3255,Rdb1
img3256,0000
img3257,Bb2
img3258,Bxe5
img3259,0000
img3260,0000
img3261,Kxf7
img3262,Khh3
img3263,Rxc7
img3264,Kde7
img3265,0000
img3266,Qb3+
img3267,0000
img3268,0000
img3269,Qf5+
img3270,0000
img3271,0000
img3272,Bxd4
img3273,Kgf6
img3274,0000
img3275,Rff7
img3276,0000
img3277,Ree1
img3278,Kff1
img3279,Be7
img3280,Ba4
img3281,Bxh7
img3282,0000
img3283,Bxg6
img3284,0000
img3285,0000
img3286,0000
img3287,Qc7
img3288,Qc7
img3289,0000
img3290,g5
img3291,Rbb1
img3292,0000
img3293,Kxc8
img3294,0000
img3295,a4
img3296,Be7
img3297,fxe5
img3298,0000
img3299,0000
img3300,0000
img3301,Qdf6
img3302,Bb7
img3303,0000+
img3304,cxc3
img3305,0000
img3306,Rgc1
img3307,0000
img3308,Ke7
img3309,Rfh8+
img3310,0000
img3311,Qxg2
img3312,0000
img3313,Rxd6
img3314,dxe4
img3315,0000
img3316,Qdd7
img3317,0000
img3318,Qg5
img3319,Nxa6
img3320,0000
img3321,Kxe8
img3322,Kfg1
img3323,0000
img3324,e6
img3325,Nxb5
img3326,Nc4
img3327,Kh3
img3328,Reg3
img3329,e5
img3330,hxg4
img3331,0000
img3332,Qxc2
img3333,Bxc5+
img3334,Qeg7
img3335,Rdd7
img3336,Rxe2
img3337,0000
img3338,0000
img3339,h3
img3340,0000
img3341,0000
img3342,0000
img3343,Kdd8
img3344,Rcc7
img3345,Rbc2+
img3346,Red1
img3347,fxe3
img3348,0000
img3349,0000
img3350,0000
img3351,b5
img3352,0000
img3353,0000
img3354,0000
img3355,0000
img3356,0000
img3357,c5
img3358,Kdc1
img3359,0000
img3360,Kdd4
img3361,Qxa2
img3362,0000
img3363,Rdd2
img3364,Qdd8
img3365,0000
img3366,Bd1
img3367,0000
img3368,Bc8
img3369,f5
img3370,0000
img3371,Qxe2
img3372,0000
img3373,Kf8
img3374,0000
img3375,0000
img3376,Kff6
img3377,0000
img3378,Kf2
img3379,0000
img3380,0000
img3381,0000
img3382,Kgh8
img3383,Ne4
img3384,Rdd6
img3385,Nb4
img3386,Kb4
img3387,Nb3
img3388,bxc6
img3389,0000
img3390,Be7
img3391,0000
img3392,0000
img3393,Nxd5
img3394,0000
img3395,Nf6
img3396,a5
img3397,Ke7
img3398,O-O
img3399,Qee7
img3400,hxg6
img3401,Rad1
img3402,0000+
img3403,0000
img3404,Ke2
img3405,0000
img3406,0000
img3407,Qg5
img3408,Rdd1+
img3409,0000
img3410,h4
img3411,O-O
img3412,Bxc3
img3413,a6
img3414,Ree3
img3415,Nb6
img3416,0000
img3417,0000
img3418,0000+
img3419,Qxh7
img3420,Kxc8
img3421,Qee5
img3422,Rff3
img3423,Rhh7
img3424,0000
img3425,axb4
img3426,Qa5
img3427,dxe5
img3428,Ba7
img3429,Nf4
img3430,Qxd4
img3431,Kba2
img3432,Rxg7
img3433,h6
img3434,dxd5
img3435,0000
img3436,0000
img3437,exf5
img3438,Qe6
img3439,Ked6
img3440,Na3
img3441,Nxb5
img3442,Qd6
img3443,Kd8
img3444,Rde7
img3445,0000
img3446,0000
img3447,Rhh3
img3448,Qdd2
img3449,Rgg2
img3450,cxd7
img3451,Ke8
img3452,Qxf1
img3453,Qxd6
img3454,Kxh7
img3455,Rxg6
img3456,Rdd3
img3457,Qdd7
img3458,Qdd2
img3459,Rde8
img3460,Rhh4
img3461,Bxa3
img3462,0000
img3463,0000
img3464,0000
img3465,0000
img3466,0000
img3467,Qxf2
img3468,Rad1
img3469,0000
img3470,Kd4
img3471,Rba2
img3472,0000
img3473,Bxf3
img3474,Nb3
img3475,Bxf6
img3476,Nxe2+
img3477,0000
img3478,0000
img3479,Na4
img3480,0000
img3481,0000
img3482,Nc3
img3483,Qbb2
img3484,0000
img3485,0000
img3486,0000
img3487,Rxh4
img3488,b5
img3489,0000
img3490,Bg4
img3491,Nf4
img3492,0000
img3493,0000
img3494,Ree4
img3495,Kfg8
img3496,0000
img3497,Ree1
img3498,Rae8
img3499,Rde2
img3500,Ke5
img3501,Qha1
img3502,Qce2
img3503,Qee6+
img3504,0000
img3505,Bxd2
img3506,0000
img3507,Rge2
img3508,Bc5
img3509,Ree6
img3510,Raa1
img3511,Kg8
img3512,e5
img3513,c3
img3514,c3
img3515,Rce8
img3516,Kgf8
img3517,Qxe1
img3518,Red1
img3519,Nxd5
img3520,Kbc8
img3521,Qb6
img3522,Khh4
img3523,Rfb1
img3524,Rbe8
img3525,c4
img3526,Khh4
img3527,Ke7
img3528,b3
img3529,f4
img3530,0000+
img3531,Bd5
img3532,Kee6
img3533,0000
img3534,Rfg3
img3535,Kxd2
img3536,0000
img3537,a5
img3538,Rgg5
img3539,Kxf8
img3540,Nxe6
img3541,0000
img3542,0000
img3543,a5
img3544,Rcc5+
img3545,Red1
img3546,Kb6
img3547,0000
img3548,hxg6
img3549,hxf4
img3550,a4
img3551,a4
img3552,0000
img3553,Rxa4
img3554,0000
img3555,Kbb6
img3556,Raa2
img3557,dxd6
img3558,0000
img3559,0000
img3560,Kg1
img3561,0000
img3562,0000
img3563,Kef6
img3564,Rfe1
img3565,Rab2
img3566,0000+
img3567,0000
img3568,Qbb7
img3569,0000
img3570,Kc7
img3571,b5
img3572,Khg8
img3573,0000
img3574,c5
img3575,f4
img3576,Qe8
img3577,Nxc8
img3578,0000
img3579,Rxb7
img3580,Bf3
img3581,f5
img3582,Kh2
img3583,Kxh5
img3584,0000
img3585,Qxc5
img3586,Khg8
img3587,0000
img3588,0000
img3589,Kb5
img3590,Ree1+
img3591,Kf2
img3592,Reb8
img3593,Rah8+
img3594,0000
img3595,0000
img3596,0000
img3597,0000
img3598,0000
img3599,0000
img3600,Ne3
img3601,0000
img3602,0000
img3603,0000
img3604,Kxc5
img3605,f5
img3606,0000+
img3607,h6
img3608,b4
img3609,0000
img3610,Kf2
img3611,0000
img3612,0000
img3613,0000
img3614,Qf2
img3615,g4
img3616,0000
img3617,0000
img3618,0000
img3619,Kf7
img3620,Kxb3
img3621,0000
img3622,0000
img3623,Bd4
img3624,0000
img3625,Rcc7
img3626,0000
img3627,Kdc1
img3628,Kxd1
img3629,0000
img3630,g3
img3631,Kfg2
img3632,0000
img3633,Bxb2+
img3634,Ne4
img3635,Qb4
img3636,Ne4
img3637,Kd3
img3638,Nb4
img3639,Qfg3
img3640,Kgh8
img3641,Nf1
img3642,0000+
img3643,Bc5
img3644,axb5
img3645,0000
img3646,Nd4
img3647,Kgg2
img3648,Reb1
img3649,fxg5
img3650,f4
img3651,Kh7
img3652,0000
img3653,Bxe6
img3654,0000
img3655,Qxb3
img3656,0000
img3657,0000
img3658,0000
img3659,Ng4
img3660,Bxd5
img3661,Ree1
img3662,Nxf3+
img3663,0000
img3664,Rfe8
img3665,f4
img3666,Qaa6+
img3667,0000
img3668,Rff7
img3669,0000
img3670,Rad8
img3671,Kh6
img3672,axa4
img3673,Kxd3
img3674,e3
img3675,Kg4
img3676,Bc6
img3677,0000
img3678,Kb1
img3679,Nxe4+
img3680,0000
img3681,0000
img3682,0000
img3683,Kde2
img3684,0000
img3685,Kxh6
img3686,Ke3
img3687,dxc3
img3688,0000
img3689,0000
img3690,Kef3
img3691,Rxe5
img3692,0000
img3693,0000
img3694,Rxe6
img3695,e4+
img3696,Nxe4
img3697,Nxc5
img3698,Nh7
img3699,Kcb1
img3700,f4
img3701,Raa2
img3702,0000
img3703,cxd5
img3704,Rfe5
img3705,Bb6
img3706,Kc6
img3707,Nxf7
img3708,0000
img3709,0000
img3710,a4
img3711,0000
img3712,0000
img3713,Bd2
img3714,0000
img3715,Bd2
img3716,0000
img3717,Na6
img3718,Rxd8
img3719,Raa8+
img3720,0000
img3721,a6
img3722,0000
img3723,0000+
img3724,Qfh6
img3725,d3
img3726,Rfh6
img3727,0000
img3728,0000
img3729,Rxh7
img3730,Kg8
img3731,Kh2
img3732,0000
img3733,O-O-O
img3734,c5
img3735,Kxf7
img3736,Bxd6
img3737,Bxf6
img3738,Nc3
img3739,g5
img3740,Kdc5
img3741,e7
img3742,0000
img3743,Nh4
img3744,Rca1
img3745,0000+
img3746,0000
img3747,Rfe1
img3748,0000
img3749,a5
img3750,0000
img3751,Rfc8
img3752,Ree7
img3753,Nxd5
img3754,Bg5
img3755,h3
img3756,Rfe8
img3757,0000
img3758,0000+
img3759,Rcc4
img3760,0000
img3761,Nf3
img3762,Kc2
img3763,0000
img3764,gxf5
img3765,Rff7
img3766,Bc6
img3767,gxh5
img3768,Nd5
img3769,Khg8
img3770,0000
img3771,Rgg4
img3772,Khg1
img3773,Kxg3
img3774,0000
img3775,0000
img3776,fxf5
img3777,Khh1
img3778,Kb2
img3779,0000
img3780,Qxf7
img3781,Nxe6
img3782,0000
img3783,e5
img3784,0000
img3785,0000
img3786,Bb3
img3787,Kxe2
img3788,Ba6
img3789,0000
img3790,0000
img3791,Ba6
img3792,Nd6+
img3793,Kcd3
img3794,Bc6+
img3795,0000+
img3796,Rge4
img3797,Nxf6
img3798,Reg8
img3799,Kc6
img3800,Qe1+
img3801,Bxd6
img3802,0000
img3803,Nxc6
img3804,0000
img3805,Qce7
img3806,Kee5
img3807,0000
img3808,Bxf6
img3809,0000
img3810,Rhg4+
img3811,0000
img3812,Kxd3
img3813,Rxc1
img3814,cxd5
img3815,0000
img3816,fxe4
img3817,h5
img3818,gxg6
img3819,Kde1
img3820,Nc6
img3821,Kgg4
img3822,0000
img3823,Nxa7+
img3824,0000
img3825,Rad8
img3826,Ne5
img3827,0000
img3828,0000
img3829,Qdc3
img3830,Kde4
img3831,0000
img3832,0000
img3833,0000
img3834,Khg7
img3835,Kxh4
img3836,Rxc7
img3837,0000
img3838,Ree3+
img3839,Ne8
img3840,Kd2
img3841,Kxd2
img3842,0000
img3843,Kxe1
img3844,Kfe1
img3845,Bxc2
img3846,0000
img3847,Kg6
img3848,Kxe1
img3849,Ng4
img3850,Ke8
img3851,Qxf5
img3852,0000
img3853,cxb5
img3854,0000
img3855,Rxc1
img3856,0000
img3857,Kxg8
img3858,Qdg8
img3859,Ne4
img3860,cxd4
img3861,Rhh8
img3862,Bxd3
img3863,0000
img3864,0000
img3865,Kxg4
img3866,Nc5
img3867,0000
img3868,Nd7
img3869,Rfb8
img3870,a3
img3871,Nxf4
img3872,Qxb2
img3873,e5
img3874,0000
img3875,Nxf3
img3876,0000
img3877,0000
img3878,fxf6
img3879,Kc7
img3880,Rxg6
img3881,0000
img3882,Qe5
img3883,0000
img3884,Red2
img3885,0000
img3886,0000
img3887,Nd3
img3888,Bxg4+
img3889,0000
img3890,Rxd7
img3891,Rgg4
img3892,exf3
img3893,0000
img3894,hxg4
img3895,0000
img3896,Rbg1
img3897,Rdd8
img3898,0000
img3899,gxh5
img3900,Rde2
img3901,Nxe6
img3902,0000
img3903,Red1
img3904,a5
img3905,f4
img3906,Nc5
img3907,Nb1
img3908,Kdc8
img3909,Rad8
img3910,Nf5+
img3911,Nxa2
img3912,0000
img3913,Kxf6
img3914,Ke6
img3915,Rdd5
img3916,Rdd3
img3917,Nd6+
img3918,0000
img3919,0000
img3920,Ke5
img3921,fxe3
img3922,0000
img3923,Rxc8+
img3924,Bd2
img3925,f6
img3926,0000
img3927,0000
img3928,0000
img3929,b4+
img3930,Qb8+
img3931,0000
img3932,0000
img3933,0000
img3934,0000
img3935,Ke7
img3936,Rfe1
img3937,0000
img3938,Rhf8
img3939,Bxe6
img3940,Bxg5
img3941,Kgh7
img3942,a6
img3943,0000
img3944,0000
img3945,Khg4
img3946,0000
img3947,Rgg8
img3948,b7=Q
img3949,0000
img3950,0000
img3951,Kd3
img3952,0000
img3953,Kxg2
img3954,Rxd8
img3955,Kgf1
img3956,Nxg7
img3957,exd5
img3958,0000
img3959,Nxe5
img3960,Kef7
img3961,0000
img3962,Qaa1+
img3963,0000
img3964,0000
img3965,Nf3
img3966,0000
img3967,Kh4
img3968,Kg3
img3969,Kf2
img3970,h5
img3971,0000+
img3972,0000
img3973,Rxd1
img3974,Rdd6
img3975,gxh6
img3976,Kaa5
img3977,0000
img3978,0000
img3979,Kb6
img3980,Kee8
img3981,0000
img3982,Kee6
img3983,Kbc8
img3984,Ke4
img3985,0000
img3986,Raa4+
img3987,Rdc7
img3988,0000
img3989,Bg7
img3990,e6
img3991,dxe5
img3992,Rff4
img3993,g3
img3994,Rfc8
img3995,Bb7
img3996,Rab2
img3997,0000
img3998,0000
img3999,Bg7
img4000,g6
img4001,0000+
img4002,0000
img4003,0000
img4004,Rxd8
img4005,Bd7
img4006,Rfe8
img4007,Rff6
img4008,0000
img4009,0000
img4010,0000
img4011,0000
img4012,Kaa1
img4013,Red1
img4014,Nc4
img4015,Kg7
img4016,0000
img4017,0000
img4018,Bb7
img4019,Rcc7+
img4020,Kxc5
img4021,Rcc6
img4022,0000
img4023,Rfe8
img4024,0000
img4025,Rxe6
img4026,0000
img4027,Red1
img4028,Be7
img4029,a4
img4030,Rxe8
img4031,0000
img4032,Bd3
img4033,0000
img4034,0000
img4035,0000
img4036,0000
img4037,0000
img4038,Red1
img4039,Rxa1
img4040,0000
img4041,0000
img4042,Ng4
img4043,0000
img4044,0000
img4045,a2
img4046,0000
img4047,Qaa7
img4048,0000
img4049,O-O
img4050,0000
img4051,Kde8
img4052,Ke4
img4053,Bxe2
img4054,Nxg5
img4055,Nxc3
img4056,0000
img4057,0000
img4058,0000
img4059,Kxb2
img4060,Bc2
img4061,Qxb7
img4062,0000
img4063,fxf6
img4064,0000
img4065,Kab4
img4066,0000
img4067,0000
img4068,Bb7
img4069,Kh2
img4070,h6
img4071,Rfd1
img4072,Rbb5
img4073,Nd6
img4074,Kg6
img4075,Rab8
img4076,Rxd7
img4077,Nd2
img4078,Kd1
img4079,0000
img4080,0000
img4081,Nf5
img4082,Kgg7
img4083,0000
img4084,Kde1
img4085,0000
img4086,Nxg3
img4087,0000
img4088,0000+
img4089,0000+
img4090,Kb8
img4091,Nxd2
img4092,Qca2
img4093,Qee8
img4094,0000
img4095,Rgh4
img4096,Kd3
img4097,0000
img4098,Kxe5
img4099,Rdd2
img4100,Rhh1+
img4101,Rdc1
img4102,Kcb6
img4103,Rcd1
img4104,Kxb8
img4105,Rfc8
img4106,0000
img4107,Kf6
img4108,Kd1
img4109,Rbb1
img4110,Nd2
img4111,Qd2
img4112,Bxg4
img4113,f6
img4114,0000+
img4115,Bc8
img4116,bxc4
img4117,Ree3
img4118,Kf2
img4119,0000
img4120,0000
img4121,d2
img4122,Kf3
img4123,Qxe5
img4124,Kgg6
img4125,Nd7
img4126,Rae1
img4127,0000
img4128,Rxg3
img4129,exf3
img4130,0000
img4131,0000
img4132,Rxe6
img4133,Qxd4
img4134,0000
img4135,0000
img4136,0000
img4137,0000
img4138,fxf6
img4139,0000
img4140,bxb4
img4141,e5
img4142,0000
img4143,Kf5
img4144,0000
img4145,Rff2
img4146,Ne5+
img4147,Kc5
img4148,0000
img4149,0000
img4150,Qxd6
img4151,Ng5
img4152,0000
img4153,Rxg3+
img4154,c6
img4155,0000
img4156,c5
img4157,0000
img4158,0000
img4159,0000
img4160,Nxd5
img4161,Nxf3+
img4162,0000
img4163,Rxe6
img4164,0000
img4165,Qc2
img4166,0000
img4167,0000
img4168,0000
img4169,Qxd7
img4170,Rcc1
img4171,0000
img4172,0000
img4173,Rxa2
img4174,0000
img4175,0000
img4176,0000
img4177,0000
img4178,Rde8
img4179,Kg3
img4180,0000
img4181,0000
img4182,Kgh1
img4183,bxb5
img4184,0000
img4185,0000
img4186,Rxd7
img4187,Rae1
img4188,0000
img4189,0000
img4190,Qxf2+
img4191,0000
img4192,Kxd3
img4193,0000
img4194,Ne5
img4195,Qc7
img4196,0000
img4197,Nd1
img4198,0000
img4199,0000+
img4200,Rac1
img4201,Rbf1
img4202,Qd5
img4203,0000
img4204,0000
img4205,Ke2
img4206,Bf2
img4207,Rff2
img4208,0000
img4209,Ke7
img4210,Kf8
img4211,Bxa6
img4212,Bxg3
img4213,Ke6
img4214,0000
img4215,Bxf4
img4216,Rxg3
img4217,0000
img4218,Nf4+
img4219,Qxg6
img4220,Ne4+
img4221,Kef4
img4222,Kxe3
img4223,Nd3
img4224,0000
img4225,Nd4+
img4226,Nxe2
img4227,0000
img4228,0000
img4229,h4
img4230,Qc7
img4231,b3
img4232,fxe4
img4233,Rde1
img4234,Rxf1
img4235,Ne1
img4236,0000
img4237,Nxa7+
img4238,Qxe5
img4239,0000
img4240,Rgg4
img4241,Rdb6
img4242,Kfg8
img4243,0000
img4244,0000
img4245,Ng4
img4246,Bg5
img4247,0000
img4248,Qde8
img4249,0000
img4250,Kf2
img4251,Raf8+
img4252,h4
img4253,0000
img4254,Rxd5
img4255,0000
img4256,Qa6+
img4257,0000+
img4258,0000
img4259,Kxh5
img4260,Kee7
img4261,0000
img4262,Nxe3
img4263,Kab2
img4264,Nxc6
img4265,0000
img4266,0000
img4267,0000
img4268,0000
img4269,0000
img4270,0000
img4271,Raa8+
img4272,Bc4
img4273,0000
img4274,0000
img4275,Rff5
img4276,Qdd3
img4277,Na4
img4278,Kdc1
img4279,O-O
img4280,0000
img4281,Raf1
img4282,0000
img4283,Be7
img4284,Bxe2
img4285,Bxe5
img4286,Rxe4
img4287,d6
img4288,Rxg6
img4289,0000
img4290,gxg5
img4291,0000+
img4292,Be6
img4293,0000
img4294,0000
img4295,Kxc1
img4296,Rde1
img4297,Ke4
img4298,0000
img4299,0000
img4300,0000
img4301,g2
img4302,Kdd3
img4303,0000
img4304,b5
img4305,Nxg5
img4306,0000
img4307,Nc4
img4308,Nd1
img4309,Rxf1
img4310,h6
img4311,0000
img4312,Nc5
img4313,0000
img4314,0000
img4315,Qd2
img4316,0000
img4317,a7=Q
img4318,0000
img4319,0000
img4320,Kba6
img4321,0000
img4322,c3
img4323,0000
img4324,Kee6
img4325,Rhh5
img4326,0000
img4327,Rcd1
img4328,Kxe6
img4329,cxc3
img4330,Kh2
img4331,Rdg8
img4332,c4
img4333,0000
img4334,Rdd2
img4335,0000
img4336,Kcc8
img4337,Nxe7
img4338,dxd3
img4339,0000
img4340,bxb5
img4341,0000
img4342,Ne1
img4343,Bxe2
img4344,0000
img4345,axa7+
img4346,0000
img4347,0000
img4348,0000
img4349,Bb2
img4350,bxe5
img4351,Nxe4
img4352,Qbb6
img4353,gxf3
img4354,Nxe5
img4355,0000
img4356,0000
img4357,0000+
img4358,Kxb5
img4359,Rxe8
img4360,Rxc8
img4361,Nh7
img4362,fxf6
img4363,Kxf3
img4364,exd5
img4365,0000
img4366,0000
img4367,h4
img4368,Khg1
img4369,Kc3
img4370,0000
img4371,Nc6
img4372,0000
img4373,0000
img4374,b4
img4375,Rab1
img4376,Rcc2
img4377,f4
img4378,dxc3
img4379,Qxa4
img4380,f4
img4381,Kb3
img4382,0000
img4383,0000
img4384,0000
img4385,0000
img4386,0000
img4387,Qxh2
img4388,Rfe8
img4389,Nxe5
img4390,Rhf8
img4391,Kfg4
img4392,Rhh2
img4393,0000
img4394,Rbb4
img4395,h5
img4396,Nxg2
img4397,Qxc6+
img4398,Ng4
img4399,0000+
img4400,0000
img4401,0000
img4402,0000
img4403,O-O
img4404,Qdd2
img4405,0000
img4406,a6=Q
img4407,exf3
img4408,Qab4
img4409,0000
img4410,Rxe1
img4411,0000
img4412,Khh1
img4413,0000
img4414,Kgg4
img4415,0000
img4416,hxg5
img4417,0000
img4418,Qxe7
img4419,0000
img4420,c5
img4421,e3
img4422,O-O
img4423,Kgg8
img4424,0000
img4425,0000
img4426,0000
img4427,Kgf1
img4428,0000
img4429,0000
img4430,exd5
img4431,0000
img4432,0000
img4433,0000
img4434,Kg3
img4435,0000
img4436,Kf1
img4437,Khg6
img4438,Be6
img4439,0000+
img4440,Rbc5
img4441,0000
img4442,Kfg1
img4443,0000
img4444,0000
img4445,Nxg5
img4446,0000
img4447,hxh4
img4448,0000
img4449,0000
img4450,Rbf7
img4451,Kfe8
img4452,Rxb6
img4453,0000
img4454,a3
img4455,dxc3
img4456,0000
img4457,Rxc6+
img4458,0000
img4459,Qxa5
img4460,Rbc2+
img4461,0000
img4462,Nf3
img4463,0000
img4464,0000
img4465,Rfe1+
img4466,Ka2
img4467,Kf1
img4468,0000
img4469,0000
img4470,Rgf7+
img4471,0000
img4472,d5
img4473,Kh6
img4474,Kh2
img4475,Rxg6
img4476,Kg6
img4477,0000
img4478,0000
img4479,dxc6
img4480,0000+
img4481,Kf4
img4482,cxd4
img4483,0000
img4484,Rxd4
img4485,Na4
img4486,cxb7+
